PLAYER;WIN;SP;2PA;2P%;3PA;3P%;FTA;FT%;ORB;DRB;AST;STL;BLK;TOV;PF;PTS;+/-;;;;;;
DONCIC;1;2054;14;0,714;11;0,273;7;0,571;1;12;10;2;0;4;1;33;4;;;;;;
DONCIC;1;2162;11;0,636;14;0,643;10;0,800;1;9;7;0;0;0;1;49;9;;;;;;
DONCIC;1;2400;10;0,500;12;0,500;10;0,700;0;12;12;1;1;6;4;35;6;;;;;;
DONCIC;1;2403;8;0,500;8;0,125;9;0,778;0;7;10;2;1;6;2;18;11;;;;;;
DONCIC;0;2296;13;0,385;11;0,545;7;0,857;3;7;8;0;1;9;2;34;-4;;;;;;
DONCIC;1;2185;10;0,700;9;0,111;7;0,857;1;11;9;0;1;4;3;23;3;;;;;;
DONCIC;1;2109;7;0,571;10;0,500;6;1,000;0;3;6;2;0;6;2;29;7;;;;;;
DONCIC;0;2304;16;0,563;10;0,200;10;0,700;0;7;8;4;1;4;3;31;-7;;;;;;
DONCIC;1;1901;12;0,917;9;0,667;4;1,000;0;6;6;1;0;1;1;44;32;;;;;;
DONCIC;1;1679;9;0,778;9;0,444;5;0,800;0;4;9;1;0;2;0;30;14;;;;;;
DONCIC;0;1575;11;0,182;5;0,600;5;0,600;1;1;2;0;0;8;0;16;-26;;;;;;
DONCIC;1;1945;7;0,429;11;0,364;12;0,667;1;6;10;0;0;3;2;26;12;;;;;;
DONCIC;0;2119;17;0,647;9;0,444;4;0,250;1;8;9;0;0;3;1;35;-17;;;;;;
DONCIC;0;1907;12;0,333;7;0,429;10;0,800;1;9;7;3;0;2;0;25;-14;;;;;;
DONCIC;1;2325;14;0,500;12;0,250;8;0,875;0;12;8;2;0;0;2;30;-11;;;;;;
DONCIC;0;2285;19;0,579;8;0,125;5;1,000;0;3;4;2;2;4;4;30;-14;;;;;;
DONCIC;1;2276;19;0,632;10;0,300;9;0,889;0;9;9;2;0;0;3;41;12;;;;;;
DONCIC;0;2759;9;0,667;13;0,385;14;0,643;2;13;18;2;2;7;2;36;-7;;;;;;
DONCIC;1;1917;13;0,615;12;0,500;8;0,750;2;8;11;1;0;4;2;40;34;;;;;;
DONCIC;1;2469;14;0,571;14;0,214;8;0,875;0;6;10;1;1;5;1;32;13;;;;;;
DONCIC;1;2633;11;0,364;10;0,500;13;0,923;0;8;6;2;2;3;3;35;3;;;;;;
DONCIC;1;2600;18;0,500;10;0,300;6;1,000;0;6;17;1;0;4;0;33;10;;;;;;
DONCIC;0;2359;20;0,650;7;0,286;7;1,000;1;5;13;2;0;8;2;39;-12;;;;;;
DONCIC;1;2241;16;0,688;12;0,333;6;1,000;2;10;10;1;0;4;3;40;-4;;;;;;
DONCIC;0;2182;12;0,583;12;0,500;10;0,600;3;8;8;0;0;3;1;38;-29;;;;;;
DONCIC;0;2662;14;0,500;11;0,182;14;0,571;1;8;10;1;0;5;1;28;-4;;;;;;
DONCIC;1;1897;17;0,471;10;0,500;11;0,727;2;10;10;1;1;2;1;39;37;;;;;;
DONCIC;1;2611;9;0,778;16;0,500;12;1,000;1;5;15;4;3;4;2;50;16;;;;;;
DONCIC;0;2196;19;0,579;10;0,300;10;0,800;0;7;6;2;2;5;0;39;-9;;;;;;
DONCIC;1;2251;16;0,563;13;0,385;7;0,857;0;8;10;1;1;4;3;39;9;;;;;;
DONCIC;0;2024;7;0,429;13;0,231;6;0,667;0;6;14;1;0;4;1;19;-17;;;;;;
DONCIC;1;1832;14;0,643;7;0,571;14;0,786;0;6;5;1;0;4;1;41;23;;;;;;
DONCIC;1;2359;14;0,500;12;0,417;8;0,625;0;6;8;1;0;3;3;34;5;;;;;;
DONCIC;0;2154;13;0,538;8;0,250;15;0,733;0;6;6;3;0;3;1;31;-14;;;;;;
DONCIC;0;2172;15;0,667;9;0,222;9;0,778;0;13;10;2;2;4;2;33;-15;;;;;;
DONCIC;0;2378;22;0,455;8;0,250;11;0,636;5;13;13;2;0;3;5;33;-13;;;;;;
DONCIC;0;2312;13;0,538;11;0,364;12;0,667;1;7;9;1;2;5;1;34;-22;;;;;;
DONCIC;1;2683;20;0,850;13;0,615;16;0,938;0;10;7;1;0;4;1;73;13;;;;;;
DONCIC;0;2768;17;0,471;9;0,111;12;0,750;2;8;17;2;1;3;3;28;2;;;;;;
DONCIC;1;2580;15;0,600;8;0,375;21;0,857;0;9;15;2;0;4;4;45;3;;;;;;
DONCIC;0;2545;14;0,643;12;0,333;11;0,909;1;8;11;1;0;9;4;40;-12;;;;;;
DONCIC;1;2134;5;0,400;10;0,400;5;0,600;0;8;3;1;0;3;3;19;17;;;;;;
DONCIC;1;2581;16;0,563;11;0,364;10;0,500;1;17;9;2;1;1;3;35;6;;;;;;
DONCIC;1;2409;10;0,600;14;0,500;7;0,857;0;8;11;4;1;3;1;39;18;;;;;;
DONCIC;1;1878;6;0,833;8;0,500;13;0,769;0;8;9;0;0;3;3;32;18;;;;;;
DONCIC;1;2237;9;0,667;7;0,286;11;0,727;1;10;15;1;2;5;3;26;19;;;;;;
DONCIC;1;1879;12;0,833;8;0,125;4;1,000;0;9;8;2;1;5;2;27;25;;;;;;
DONCIC;1;2283;16;0,500;11;0,545;7;1,000;0;9;11;3;0;3;4;41;9;;;;;;
DONCIC;0;1986;13;0,462;8;0,500;12;0,750;1;5;6;1;2;3;4;33;-13;;;;;;
DONCIC;0;2476;18;0,611;11;0,545;5;1,000;0;9;14;3;0;1;1;45;13;;;;;;
DONCIC;1;2137;15;0,667;8;0,125;9;0,778;1;11;16;2;0;5;3;30;11;;;;;;
DONCIC;0;2193;16;0,688;9;0,333;8;0,750;3;9;11;0;0;2;3;37;-20;;;;;;
DONCIC;0;2417;17;0,588;10;0,400;6;1,000;2;9;10;1;0;7;2;38;9;;;;;;
DONCIC;0;2568;17;0,647;13;0,308;6;0,833;0;10;11;0;0;5;4;39;-18;;;;;;
DONCIC;1;2373;11;0,455;13;0,538;4;1,000;0;11;11;1;0;4;2;35;11;;;;;;
DONCIC;1;2198;11;0,818;13;0,308;10;0,900;0;10;10;3;2;6;1;39;13;;;;;;
DONCIC;1;2017;8;0,375;15;0,400;4;0,750;2;10;14;1;0;2;2;27;34;;;;;;
DONCIC;1;1775;12;0,500;6;0,167;8;0,750;1;2;9;0;0;6;0;21;14;;;;;;
DONCIC;1;2408;16;0,438;11;0,455;10;0,800;4;6;3;2;0;3;3;37;-1;;;;;;
DONCIC;1;2426;15;0,267;12;0,167;5;0,800;0;10;16;1;0;4;0;18;5;;;;;;
DONCIC;1;2080;13;0,538;10;0,400;12;0,667;1;8;8;4;0;4;2;34;-3;;;;;;
DONCIC;1;2471;13;0,615;11;0,182;8;0,875;2;10;13;1;1;4;3;29;10;;;;;;
DONCIC;1;1901;10;0,600;8;0,500;5;0,800;1;10;6;2;0;4;4;28;18;;;;;;
DONCIC;1;2452;6;0,333;8;0,500;14;0,714;0;9;12;2;0;5;2;26;6;;;;;;
DONCIC;1;2112;14;0,643;16;0,563;5;0,400;0;12;7;2;0;4;1;47;12;;;;;;
DONCIC;0;2352;11;0,545;11;0,455;4;0,750;1;11;11;0;0;5;1;30;9;;;;;;
DONCIC;1;2222;10;0,200;15;0,400;3;1,000;0;12;8;2;1;5;3;25;21;;;;;;
DONCIC;1;2725;11;0,727;10;0,400;9;1,000;2;7;12;0;2;7;5;37;20;;;;;;
DONCIC;1;2085;8;0,625;17;0,471;7;0,714;2;10;10;0;1;4;2;39;22;;;;;;
DONCIC;1;2159;8;0,625;15;0,267;8;0,875;1;8;9;0;0;3;4;29;7;;;;;;
JAMES;0;1740;12;0,750;4;0,250;1;0,000;1;7;5;1;0;0;1;21;7;;;;;;
JAMES;1;2100;9;0,667;5;0,200;8;0,750;1;7;9;2;2;5;1;21;22;;;;;;
JAMES;0;2345;11;0,727;8;0,375;6;0,333;0;15;8;0;0;8;2;27;-5;;;;;;
JAMES;1;1967;11;0,455;6;0,333;4;0,750;0;3;4;3;1;5;0;19;5;;;;;;
JAMES;1;2549;11;0,818;8;0,500;10;0,500;0;12;7;1;2;4;3;35;6;;;;;;
JAMES;0;2113;10;0,600;5;0,400;7;0,857;1;8;5;3;0;3;1;24;12;;;;;;
JAMES;0;2244;19;0,684;4;0,000;4;1,000;0;4;3;1;3;5;4;30;6;;;;;;
JAMES;0;1632;11;0,636;2;0,000;5;0,800;1;5;2;0;0;3;1;18;-24;;;;;;
JAMES;1;2183;13;0,615;4;0,750;11;0,636;1;10;6;1;1;4;1;32;2;;;;;;
JAMES;1;1359;5;0,600;6;0,500;2;0,500;0;9;6;1;0;4;1;16;15;;;;;;
JAMES;0;2118;8;0,750;7;0,429;8;0,875;2;8;12;4;1;6;1;28;0;;;;;;
JAMES;1;2072;13;0,615;9;0,556;6;0,667;0;5;9;2;0;3;3;35;18;;;;;;
JAMES;1;2375;14;0,857;5;0,400;9;0,778;1;5;8;3;0;2;0;37;2;;;;;;
JAMES;1;1441;5;0,600;5;0,600;2;1,000;1;6;9;0;0;2;0;17;14;;;;;;
JAMES;0;2161;10;0,500;9;0,444;7;0,571;2;7;7;0;0;3;0;26;7;;;;;;
JAMES;1;2135;14;0,500;9;0,111;7;0,714;1;5;6;2;2;4;1;22;2;;;;;;
JAMES;0;1772;11;0,636;1;1,000;2;0,500;0;0;5;1;1;1;0;18;-30;;;;;;
JAMES;1;1722;13;0,538;6;0,333;5;1,000;2;6;3;0;0;1;0;25;26;;;;;;
JAMES;0;2103;4;0,750;8;0,500;4;0,750;2;10;6;1;1;5;1;21;-18;;;;;;
JAMES;1;2122;13;0,538;4;0,000;5;0,400;0;4;7;1;1;5;0;16;16;;;;;;
JAMES;1;2410;21;0,476;4;0,500;6;0,833;3;5;11;5;0;2;3;31;12;;;;;;
JAMES;1;1352;8;0,625;4;1,000;8;1,000;0;5;8;0;0;0;1;30;36;;;;;;
JAMES;0;2407;19;0,579;8;0,375;3;0,667;2;6;9;3;1;4;1;33;-4;;;;;;
JAMES;0;2156;11;0,455;6;0,333;10;0,700;2;5;14;2;0;2;1;23;-28;;;;;;
JAMES;0;2345;15;0,533;8;0,250;4;0,750;1;10;11;1;0;2;1;25;-13;;;;;;
JAMES;0;2219;15;0,600;3;0,333;4;1,000;2;8;9;1;2;5;0;25;-11;;;;;;
JAMES;1;2238;15;0,533;5;1,000;9;1,000;2;5;7;2;2;3;0;40;10;;;;;;
JAMES;0;2207;12;0,333;2;0,500;6;0,833;0;9;8;0;0;3;1;16;-11;;;;;;
JAMES;1;1483;8;0,625;5;0,400;1;1,000;0;4;11;0;0;3;0;17;1;;;;;;
JAMES;0;2326;17;0,529;4;0,250;7;0,714;0;3;6;3;1;1;2;26;-5;;;;;;
JAMES;0;2201;17;0,529;7;0,429;8;0,875;0;5;8;0;1;4;2;34;-11;;;;;;
JAMES;0;2291;12;0,500;6;0,000;0;0,000;0;6;9;0;0;2;2;12;-20;;;;;;
JAMES;0;2330;15;0,467;9;0,444;10;0,600;2;3;7;5;0;4;0;32;-8;;;;;;
JAMES;1;2287;16;0,625;3;0,333;3;0,667;1;7;7;1;0;4;2;25;5;;;;;;
JAMES;1;2113;12;0,500;5;0,400;6;0,667;0;5;12;1;1;3;0;22;0;;;;;;
JAMES;0;1456;7;0,429;4;0,000;7;0,571;0;5;9;1;0;4;1;10;-25;;;;;;
JAMES;1;2335;18;0,611;2;0,500;1;0,000;0;7;6;0;0;5;1;25;2;;;;;;
JAMES;1;1982;12;0,583;7;0,429;2;1,000;1;7;8;1;0;3;1;25;20;;;;;;
JAMES;0;2024;17;0,412;5;0,400;5;0,800;5;6;5;0;0;4;1;24;-13;;;;;;
JAMES;1;1860;8;0,625;8;0,375;10;0,900;0;5;5;0;0;3;2;28;28;;;;;;
JAMES;1;2142;15;0,467;4;0,750;2;1,000;0;4;12;2;0;5;2;25;14;;;;;;
JAMES;1;2860;21;0,571;4;0,500;6;1,000;1;19;12;0;0;3;2;36;-6;;;;;;
JAMES;0;2207;10;0,700;5;0,400;8;0,375;0;6;10;1;1;1;4;23;-11;;;;;;
JAMES;0;2149;11;0,455;6;0,333;9;0,444;2;7;8;1;1;3;1;20;-6;;;;;;
JAMES;1;2418;14;0,571;5;0,400;2;1,000;1;4;5;2;1;1;1;24;11;;;;;;
JAMES;1;2372;17;0,706;5;0,000;3;0,667;0;4;7;1;1;4;2;26;2;;;;;;
JAMES;0;2122;14;0,500;6;0,333;5;1,000;1;8;7;1;1;2;0;25;-6;;;;;;
JAMES;1;2251;11;0,364;2;1,000;8;0,875;1;3;14;1;1;2;2;21;15;;;;;;
JAMES;1;1842;9;0,667;6;0,500;4;1,000;0;1;8;0;0;4;0;25;9;;;;;;
JAMES;1;2057;19;0,579;3;0,667;2;1,000;1;6;9;1;0;2;0;30;21;;;;;;
JAMES;0;2207;13;0,692;6;0,500;4;0,250;1;6;12;2;1;3;3;28;-8;;;;;;
JAMES;1;2221;9;0,667;12;0,583;1;1,000;1;5;8;0;2;3;2;34;11;;;;;;
JAMES;1;2324;19;0,526;5;0,400;7;0,714;0;4;9;1;1;4;1;31;-5;;;;;;
JAMES;0;2227;15;0,667;5;0,400;2;0,000;0;4;9;3;0;3;1;26;-1;;;;;;
JAMES;1;1859;11;0,545;3;0,333;5;0,800;1;10;8;1;0;3;1;19;14;;;;;;
JAMES;0;2168;12;0,750;4;0,250;10;1,000;0;5;13;1;0;3;0;31;-3;;;;;;
JAMES;1;2271;12;0,667;4;0,500;9;0,778;0;8;9;0;0;4;1;29;14;;;;;;
JAMES;0;2407;8;0,500;8;0,250;6;0,667;1;12;9;2;0;5;3;18;-10;;;;;;
JAMES;0;2262;18;0,667;5;0,600;8;0,875;3;5;9;1;1;4;1;40;-6;;;;;;
JAMES;1;1719;9;0,889;5;0,400;3;1,000;0;7;10;0;0;2;0;25;20;;;;;;
JAMES;1;2272;12;0,500;3;0,333;7;0,714;0;8;6;0;1;8;1;20;7;;;;;;
JAMES;1;2288;15;0,400;4;0,500;8;1,000;1;4;10;1;1;3;1;26;12;;;;;;
JAMES;1;2085;13;0,615;1;0,000;11;0,636;0;14;12;1;0;4;1;23;33;;;;;;
JAMES;0;2081;9;0,667;3;0,000;4;1,000;1;9;8;0;0;5;1;16;-13;;;;;;
JAMES;1;2232;7;0,571;10;0,900;6;0,833;1;6;5;0;0;4;0;40;22;;;;;;
JAMES;1;1727;11;0,818;1;1,000;5;0,400;0;4;9;0;0;1;0;23;13;;;;;;
JAMES;1;2171;17;0,529;1;0,000;9;0,778;2;5;9;3;0;4;2;25;9;;;;;;
JAMES;1;2154;13;0,692;5;0,200;5;0,600;0;5;12;1;1;5;1;24;10;;;;;;
JAMES;0;2132;19;0,684;3;0,333;5;0,800;1;6;11;2;0;4;0;33;-6;;;;;;
JAMES;1;2454;13;0,769;7;0,429;11;0,727;2;7;5;2;0;8;1;37;-3;;;;;;
JAMES;1;2261;18;0,611;2;0,000;6;1,000;2;9;17;5;1;4;0;28;19;;;;;;
TATUM;1;2319;14;0,714;8;0,375;6;0,833;0;11;4;2;1;4;3;34;0;;;;;;
TATUM;1;2486;12;0,500;10;0,300;3;0,333;0;8;5;1;0;2;4;22;13;;;;;;
TATUM;1;1656;12;0,833;9;0,444;1;1,000;0;6;3;0;0;2;2;33;27;;;;;;
TATUM;1;1594;10;0,600;5;0,600;10;0,900;2;10;4;0;0;2;1;30;36;;;;;;
TATUM;1;2452;10;0,400;10;0,600;6;1,000;1;10;1;0;0;3;1;32;18;;;;;;
TATUM;0;2578;14;0,714;8;0,250;8;0,750;0;5;2;5;0;6;2;32;3;;;;;;
TATUM;0;2225;8;0,500;6;0,333;3;0,667;1;14;6;3;0;2;2;16;-1;;;;;;
TATUM;1;1998;6;0,333;11;0,364;9;0,778;1;9;3;0;0;2;1;23;28;;;;;;
TATUM;1;2045;9;0,778;9;0,333;6;0,667;0;5;4;0;1;1;2;27;42;;;;;;
TATUM;1;2368;11;0,727;12;0,417;5;0,800;1;5;7;1;0;3;5;35;12;;;;;;
TATUM;1;2310;13;0,462;10;0,400;6;0,833;2;6;6;2;0;3;1;29;2;;;;;;
TATUM;1;2245;11;0,636;11;0,091;0;0,000;1;6;2;1;0;3;3;17;-4;;;;;;
TATUM;1;2115;12;0,500;1;1,000;6;0,833;2;7;5;1;1;8;4;20;-1;;;;;;
TATUM;0;2634;13;0,615;15;0,467;10;0,800;0;13;6;0;2;3;1;45;-5;;;;;;
TATUM;1;2161;8;0,625;9;0,222;9;0,778;0;11;4;0;1;2;2;23;-2;;;;;;
TATUM;0;2335;13;0,538;3;0,000;13;0,923;0;5;3;2;0;2;3;26;-21;;;;;;
TATUM;1;2328;12;0,500;13;0,385;10;0,700;1;8;4;2;0;6;2;34;3;;;;;;
TATUM;1;2133;8;0,750;8;0,250;3;1,000;1;6;4;0;0;4;2;21;18;;;;;;
TATUM;1;1647;4;1,000;5;0,400;9;0,778;0;7;4;1;1;7;1;21;-7;;;;;;
TATUM;0;2242;18;0,611;8;0,250;7;0,571;1;11;6;1;0;2;2;32;-14;;;;;;
TATUM;1;2316;9;0,556;9;0,333;8;0,750;0;6;5;1;0;0;3;25;17;;;;;;
TATUM;1;2434;10;0,500;9;0,222;9;1,000;0;10;5;0;2;4;3;25;9;;;;;;
TATUM;1;2186;12;0,500;10;0,300;8;0,750;3;8;3;0;3;3;1;27;2;;;;;;
TATUM;1;2327;13;0,692;9;0,222;9;0,667;0;6;4;0;0;2;3;30;14;;;;;;
TATUM;1;1852;15;0,267;6;0,667;4;0,750;3;5;3;0;1;1;3;23;9;;;;;;
TATUM;0;2457;8;0,375;9;0,222;3;1,000;3;5;7;2;0;0;0;15;-9;;;;;;
TATUM;1;1820;6;0,667;10;0,500;9;0,778;0;4;2;1;0;2;0;30;19;;;;;;
TATUM;1;2474;9;0,556;6;0,167;13;0,923;0;8;7;0;1;1;0;25;10;;;;;;
TATUM;1;2599;20;0,450;11;0,182;8;0,875;2;5;10;5;0;3;4;31;10;;;;;;
TATUM;1;1850;7;0,714;10;0,500;0;0,000;1;5;2;0;2;3;1;25;32;;;;;;
TATUM;0;2256;16;0,500;5;0,400;10;0,800;5;8;8;1;0;4;3;30;0;;;;;;
TATUM;1;1478;4;0,250;8;0,625;14;0,929;0;9;5;1;1;1;1;30;34;;;;;;
TATUM;1;2256;10;0,600;13;0,615;4;0,500;1;12;6;1;0;4;4;38;19;;;;;;
TATUM;1;2535;15;0,467;11;0,545;14;0,929;0;4;2;1;0;1;3;45;3;;;;;;
TATUM;0;945;5;0,400;1;0,000;4;0,750;0;1;3;0;0;1;2;7;-31;;;;;;
TATUM;1;1770;10;0,500;7;0,571;7;0,714;1;7;5;1;1;2;2;27;9;;;;;;
TATUM;1;2248;13;0,462;6;0,167;4;1,000;0;14;6;1;1;1;2;19;8;;;;;;
TATUM;1;1893;13;0,462;8;0,375;5;0,600;0;5;2;0;0;2;2;24;11;;;;;;
TATUM;0;2335;16;0,500;8;0,125;3;1,000;2;6;5;1;0;0;1;22;6;;;;;;
TATUM;1;2107;11;0,273;6;0,167;12;0,750;1;6;3;1;0;2;0;18;-4;;;;;;
TATUM;1;2455;13;0,692;8;0,250;19;0,789;0;11;5;3;2;0;4;39;27;;;;;;
TATUM;1;1932;8;0,500;7;0,429;10;0,900;1;7;4;0;0;1;1;26;22;;;;;;
TATUM;0;1802;14;0,429;4;0,500;3;1,000;3;8;1;0;1;3;2;21;-32;;;;;;
TATUM;1;2250;10;0,800;8;0,250;7;0,857;0;10;8;3;1;7;1;28;9;;;;;;
TATUM;1;2330;10;0,800;9;0,444;3;0,667;0;7;7;1;2;2;2;30;-4;;;;;;
TATUM;0;2197;11;0,273;10;0,500;2;1,000;2;5;3;1;1;2;3;23;-12;;;;;;
TATUM;1;1848;10;0,600;12;0,500;4;1,000;1;7;7;1;0;2;1;34;27;;;;;;
TATUM;1;2136;8;0,750;13;0,154;2;1,000;0;9;7;1;0;3;3;20;3;;;;;;
TATUM;1;2284;12;0,750;10;0,300;9;0,889;1;9;8;1;2;2;1;35;9;;;;;;
TATUM;1;2321;14;0,643;6;0,333;2;1,000;1;9;9;0;2;1;1;26;5;;;;;;
TATUM;1;2339;15;0,600;11;0,455;8;1,000;0;14;5;2;1;2;3;41;21;;;;;;
TATUM;1;1703;9;0,556;7;0,286;5;0,800;1;6;9;0;0;1;0;20;27;;;;;;
TATUM;1;2095;7;0,429;10;0,500;6;0,667;0;7;5;3;0;3;3;25;13;;;;;;
TATUM;1;2602;7;0,714;8;0,250;4;0,750;1;5;6;2;1;4;3;19;15;;;;;;
TATUM;1;2085;13;0,615;7;0,143;11;0,909;0;11;8;0;1;1;1;29;27;;;;;;
TATUM;1;2230;10;0,500;9;0,556;7;1,000;0;8;3;0;0;4;2;32;17;;;;;;
TATUM;1;1512;8;0,625;5;0,800;5;1,000;0;3;5;1;1;0;2;27;40;;;;;;
TATUM;0;2251;12;0,250;9;0,556;6;0,833;2;11;2;0;0;2;3;26;-7;;;;;;
TATUM;0;2319;8;0,375;5;0,400;4;0,750;1;3;8;2;0;5;4;15;-2;;;;;;
TATUM;1;2536;19;0,316;9;0,556;2;1,000;3;7;7;1;0;4;0;29;4;;;;;;
TATUM;1;2140;15;0,467;8;0,250;8;0,750;0;5;8;0;0;1;0;26;16;;;;;;
TATUM;1;2040;15;0,600;10;0,400;8;1,000;2;4;2;0;1;3;3;38;8;;;;;;
TATUM;1;1985;10;0,600;8;0,500;3;0,667;1;4;5;0;0;3;3;26;26;;;;;;
TATUM;1;1596;5;0,400;12;0,500;10;0,800;0;6;6;3;1;2;1;30;26;;;;;;
TATUM;1;2360;12;0,417;7;0,571;10;0,900;0;8;4;3;2;2;2;31;2;;;;;;
TATUM;1;2244;13;0,462;7;0,286;9;0,889;1;1;6;1;1;5;1;26;5;;;;;;
TATUM;0;2363;19;0,579;7;0,286;11;0,818;2;6;5;2;1;2;1;37;3;;;;;;
TATUM;0;2714;15;0,467;7;0,286;13;0,846;3;10;6;0;0;2;3;31;-11;;;;;;
TATUM;1;2130;11;0,636;6;0,500;0;0,000;1;8;4;0;0;4;1;23;8;;;;;;
TATUM;1;2063;9;0,556;10;0,400;3;1,000;0;10;4;2;1;4;2;25;14;;;;;;
TATUM;1;1734;10;0,500;5;0,400;8;1,000;3;4;3;1;0;0;2;24;14;;;;;;
TATUM;1;1950;9;0,444;6;0,167;8;0,750;0;6;5;0;0;3;0;17;14;;;;;;
TATUM;0;2246;10;0,500;9;0,444;0;0,000;0;5;6;0;1;2;1;22;-11;;;;;;
TATUM ;0;1908;6;0,667;7;0,143;9;0,778;1;3;7;2;1;2;3;18;-30;;;;;;
DAVIS;0;2049;15;0,333;2;0,500;4;1,000;1;7;4;0;2;2;3;17;-17;;;;;;
DAVIS;1;2355;15;0,600;2;0,500;10;0,900;3;9;2;3;3;2;2;30;7;;;;;;
DAVIS;0;2501;20;0,500;2;0,500;8;0,875;6;10;2;2;3;0;5;30;-10;;;;;;
DAVIS;1;2292;17;0,706;1;0,000;3;0,667;2;17;5;1;3;1;3;26;-2;;;;;;
DAVIS;1;2854;18;0,556;0;0,000;9;0,778;4;6;3;1;4;0;3;27;11;;;;;;
DAVIS;0;1931;15;0,667;0;0,000;8;1,000;6;7;3;0;7;4;5;28;-24;;;;;;
DAVIS;0;1490;7;0,571;0;0,000;1;1,000;0;6;4;0;1;1;2;9;-9;;;;;;
DAVIS;1;2162;14;0,357;0;0,000;8;1,000;4;7;4;0;1;1;3;18;-5;;;;;;
DAVIS;1;2460;19;0,526;1;0,000;12;0,833;2;11;6;0;3;1;0;30;17;;;;;;
DAVIS;1;1610;11;0,636;0;0,000;6;0,833;4;7;5;0;6;2;1;19;21;;;;;;
DAVIS;0;2084;8;0,375;1;0,000;3;1,000;0;9;0;0;4;5;4;9;-13;;;;;;
DAVIS;1;2086;18;0,444;1;0,000;1;0,000;4;10;2;3;5;6;5;16;1;;;;;;
DAVIS;1;1972;15;0,733;0;0,000;7;0,714;4;6;3;2;1;4;6;27;-8;;;;;;
DAVIS;1;1751;14;0,786;0;0,000;5;0,800;5;11;4;2;0;2;1;26;34;;;;;;
DAVIS;0;2181;10;0,400;0;0,000;2;1,000;2;11;4;1;1;3;3;10;0;;;;;;
DAVIS;1;2268;20;0,650;0;0,000;7;0,857;5;8;3;2;3;5;3;32;3;;;;;;
DAVIS;0;1936;14;0,500;0;0,000;5;0,600;3;8;2;1;1;2;4;17;-13;;;;;;
DAVIS;1;1747;15;0,600;0;0,000;13;0,769;4;12;4;1;3;0;1;28;29;;;;;;
DAVIS;0;2159;17;0,647;1;0,000;10;0,900;1;13;2;2;0;0;1;31;-12;;;;;;
DAVIS;1;2199;22;0,455;0;0,000;9;0,778;6;8;3;0;5;1;2;27;12;;;;;;
DAVIS;1;2324;26;0,385;0;0,000;8;0,875;9;6;1;0;2;0;1;27;-1;;;;;;
DAVIS;1;1873;8;0,625;2;0,000;8;0,750;5;10;5;2;2;2;1;16;35;;;;;;
DAVIS;0;2205;19;0,737;2;0,500;10;0,600;5;6;0;0;2;2;2;37;0;;;;;;
DAVIS;1;2260;20;0,550;3;0,667;12;0,750;1;9;1;4;0;2;3;37;5;;;;;;
DAVIS;0;2129;21;0,619;1;1,000;3;1,000;2;12;2;1;2;2;2;32;-6;;;;;;
DAVIS;0;2257;13;0,538;2;0,000;8;0,625;2;12;3;2;2;1;1;19;-3;;;;;;
DAVIS;0;2322;19;0,526;1;1,000;9;0,889;1;7;4;0;3;1;2;31;3;;;;;;
DAVIS;1;2512;20;0,500;1;1,000;6;0,500;3;8;7;1;2;3;2;26;3;;;;;;
DAVIS;0;2330;22;0,591;4;0,500;10;0,800;5;8;4;0;1;2;2;40;-6;;;;;;
DAVIS;1;1576;18;0,611;1;0,000;4;1,000;2;6;2;2;4;2;4;26;6;;;;;;
DAVIS;0;2349;15;0,733;2;0,500;10;0,800;4;13;8;4;2;2;3;33;-6;;;;;;
DAVIS;0;2129;13;0,538;2;0,000;8;0,750;2;8;3;0;5;3;4;20;-17;;;;;;
DAVIS;0;2568;16;0,625;1;0,000;10;0,900;3;14;6;3;5;5;2;29;-13;;;;;;
DAVIS;0;2458;19;0,684;3;0,000;7;0,714;3;3;4;0;2;4;4;31;-10;;;;;;
DAVIS;1;2342;14;0,714;1;0,000;4;0,500;1;9;1;3;1;3;1;22;-4;;;;;;
DAVIS;1;2389;15;0,733;2;1,000;14;0,929;1;10;6;0;1;3;4;41;0;;;;;;
DAVIS;0;1900;9;0,667;2;0,000;1;1,000;0;5;1;1;2;3;4;13;-24;;;;;;
DAVIS;0;2356;20;0,250;1;0,000;6;0,833;2;13;11;1;4;6;1;15;-12;;;;;;
DAVIS;1;2304;16;0,563;1;0,000;10;0,900;3;12;5;2;1;2;3;27;8;;;;;;
DAVIS;1;1983;17;0,706;0;0,000;5;0,800;5;7;9;1;1;1;2;28;21;;;;;;
DAVIS;0;2114;12;0,750;1;0,000;11;0,727;4;8;6;3;2;1;1;26;-12;;;;;;
DAVIS;1;1582;6;0,667;1;0,000;6;1,000;3;11;3;0;0;0;0;14;3;;;;;;
DAVIS;0;2147;19;0,632;1;0,000;2;1,000;4;8;2;0;0;1;2;26;-9;;;;;;
DAVIS;1;2166;17;0,588;1;0,000;5;0,400;5;6;6;0;1;0;1;22;13;;;;;;
DAVIS;1;2674;20;0,550;4;0,000;9;0,778;3;10;3;0;4;2;4;29;-2;;;;;;
DAVIS;0;1728;17;0,412;3;1,000;1;0,000;2;5;2;2;1;3;2;23;-10;;;;;;
DAVIS;1;2185;11;0,364;1;0,000;4;1,000;2;16;5;1;4;0;2;12;6;;;;;;
DAVIS;1;2228;14;0,857;2;0,000;2;1,000;3;12;11;0;3;2;1;26;16;;;;;;
DAVIS;0;2294;24;0,583;3;0,000;6;0,667;1;8;3;3;4;1;0;32;-11;;;;;;
DAVIS;1;1747;10;0,700;1;0,000;7;0,857;0;6;6;1;1;3;4;20;0;;;;;;
DAVIS;1;1703;9;0,556;3;0,333;7;1,000;3;11;4;0;6;1;1;20;12;;;;;;
DAVIS;1;2280;22;0,545;3;0,333;13;0,769;3;12;1;0;2;2;0;37;24;;;;;;
DAVIS;0;1951;17;0,647;2;0,000;6;0,833;3;12;1;0;3;3;3;27;-16;;;;;;
DAVIS;1;1743;13;0,769;1;0,000;10;0,800;5;8;0;1;0;1;2;28;10;;;;;;
DAVIS;0;2502;17;0,647;0;0,000;0;0,000;2;12;0;3;2;3;3;22;-2;;;;;;
DAVIS;1;2165;13;0,615;2;0,000;5;0,800;3;9;2;2;3;2;2;20;-4;;;;;;
DAVIS;1;2475;22;0,636;0;0,000;13;0,923;3;12;4;1;3;1;2;40;6;;;;;;
DAVIS;0;2335;13;0,538;0;0,000;4;0,750;2;9;2;0;3;0;3;17;-11;;;;;;
DAVIS;1;1813;12;0,583;0;0,000;11;0,909;4;8;4;1;3;2;1;24;10;;;;;;
DAVIS;0;2046;12;0,417;1;0,000;5;0,800;1;10;3;0;1;2;4;14;-6;;;;;;
DAVIS;1;2460;20;0,500;1;0,000;2;1,000;1;12;5;0;3;0;3;22;-3;;;;;;
DAVIS;1;2358;17;0,529;0;0,000;13;0,692;10;15;5;7;3;3;2;27;15;;;;;;
DAVIS;0;2468;16;0,375;2;0,500;8;0,875;3;7;3;1;1;2;1;22;-8;;;;;;
DAVIS;0;717;6;0,500;0;0,000;2;1,000;1;3;2;1;1;0;0;8;6;;;;;;
DAVIS;1;1873;12;0,750;2;0,500;2;0,500;1;14;6;2;1;2;2;22;28;;;;;;
DAVIS;1;2380;14;0,643;2;0,500;4;0,500;7;12;4;0;4;3;4;23;4;;;;;;
DAVIS;1;2400;19;0,737;2;0,500;5;1,000;3;13;3;2;1;2;4;36;11;;;;;;
DAVIS;1;3112;23;0,391;8;0,375;7;1,000;7;16;2;2;4;4;1;34;2;;;;;;
DAVIS;0;2250;16;0,563;1;0,000;7;0,857;4;11;3;0;0;3;0;24;-12;;;;;;
DAVIS;1;2103;9;0,889;3;0,333;6;0,833;1;13;0;0;3;4;3;24;18;;;;;;
DAVIS;1;1651;16;0,625;4;0,000;4;0,250;2;10;1;0;0;5;3;21;14;;;;;;
DAVIS;1;2288;16;0,625;1;0,000;15;1,000;3;15;1;2;3;2;1;35;29;;;;;;
DAVIS;1;2179;10;0,600;1;1,000;9;0,778;4;9;4;3;6;0;2;22;8;;;;;;
DAVIS;0;720;6;0,333;0;0,000;0;0,000;3;1;3;2;0;1;2;4;4;;;;;;
DAVIS;1;2569;16;0,625;6;0,167;17;0,765;4;10;5;1;2;4;2;36;2;;;;;;
DAVIS;1;1955;16;0,813;1;0,000;4;1,000;4;7;3;2;0;3;4;30;15;;;;;;
JOKIC;1;2176;17;0,529;5;0,600;4;0,500;3;10;11;1;1;2;2;29;15;;;;;;
JOKIC;1;2098;10;0,700;4;0,250;6;0,833;3;9;7;1;1;9;1;22;6;;;;;;
JOKIC;1;1792;14;0,786;2;0,500;3;1,000;2;12;5;0;0;4;3;28;21;;;;;;
JOKIC;1;2114;13;0,846;3;0,333;5;0,400;1;9;11;0;2;1;3;27;13;;;;;;
JOKIC;0;1798;17;0,588;6;0,167;2;1,000;2;8;3;0;0;5;0;25;-19;;;;;;
JOKIC;1;2135;14;0,857;2;1,000;5;0,600;7;7;9;1;1;4;3;33;17;;;;;;
JOKIC;1;2001;13;0,615;3;0,333;9;1,000;4;12;9;3;0;1;3;28;33;;;;;;
JOKIC;1;2182;18;0,722;6;0,333;5;0,600;3;11;12;1;1;2;1;35;16;;;;;;
JOKIC;1;2196;17;0,765;8;0,125;10;0,600;3;10;5;3;1;3;3;35;3;;;;;;
JOKIC;0;2294;20;0,550;6;0,333;8;1,000;6;15;11;0;1;3;3;36;12;;;;;;
JOKIC;1;2145;16;0,375;7;0,286;14;1,000;3;13;9;1;0;4;2;32;3;;;;;;
JOKIC;0;2170;12;0,750;8;0,125;5;1,000;2;14;18;1;1;4;2;26;5;;;;;;
JOKIC;0;1669;13;0,615;0;0,000;5;0,400;1;9;7;1;1;3;5;18;-16;;;;;;
JOKIC;1;913;4;0,750;4;0,250;0;0,000;0;5;5;0;1;1;1;9;-4;;;;;;
JOKIC;0;2180;16;0,688;2;0,500;5;1,000;5;8;12;3;2;1;4;30;4;;;;;;
JOKIC;0;2529;23;0,478;8;0,375;11;0,636;6;13;8;3;0;3;3;38;-12;;;;;;
JOKIC;1;2052;29;0,586;0;0,000;5;1,000;5;6;9;1;0;5;3;39;14;;;;;;
JOKIC;1;2001;17;0,647;2;0,500;8;0,875;6;4;15;1;0;0;2;32;29;;;;;;
JOKIC;1;2095;15;0,600;3;0,000;6;0,500;1;4;16;1;2;3;4;21;6;;;;;;
JOKIC;0;2290;19;0,632;4;0,250;12;0,750;2;11;14;2;1;0;3;36;11;;;;;;
JOKIC;0;2227;25;0,280;7;0,286;2;1,000;5;10;10;1;0;4;2;22;1;;;;;;
JOKIC;0;2062;24;0,333;2;0,500;7;0,571;7;9;5;0;2;3;5;23;3;;;;;;
JOKIC;1;2161;12;0,667;1;1,000;7;0,857;2;6;9;3;2;1;3;25;8;;;;;;
JOKIC;1;984;5;0,400;0;0,000;0;0,000;3;6;6;0;0;0;1;4;5;;;;;;
JOKIC;1;1789;10;0,800;2;0,000;12;0,833;1;13;10;1;0;1;2;26;21;;;;;;
JOKIC;0;2245;13;0,538;2;0,500;8;0,875;4;2;12;2;0;3;3;24;-9;;;;;;
JOKIC;1;1670;7;0,429;1;0,000;2;1,000;1;8;7;2;0;2;2;8;16;;;;;;
JOKIC;1;2286;18;0,556;5;0,600;3;0,667;5;10;6;0;2;2;2;31;15;;;;;;
JOKIC;1;2049;15;0,667;2;1,000;5;1,000;2;9;7;3;2;0;4;31;29;;;;;;
JOKIC;1;2138;12;0,667;2;0,000;2;1,000;2;8;9;1;1;3;6;18;12;;;;;;
JOKIC;1;2343;10;0,400;2;0,000;18;1,000;4;10;8;0;0;3;2;26;21;;;;;;
JOKIC;1;1798;10;1,000;1;1,000;3;1,000;0;14;10;0;2;3;1;26;25;;;;;;
JOKIC;0;1892;9;0,889;1;1,000;0;0,000;2;8;7;1;1;7;2;19;-19;;;;;;
JOKIC;1;1650;7;0,857;0;0,000;1;1,000;0;11;6;1;1;3;2;13;27;;;;;;
JOKIC;1;2305;14;0,786;2;1,000;7;0,857;2;7;10;2;1;4;2;34;4;;;;;;
JOKIC;0;2211;18;0,722;1;0,000;4;0,750;0;4;8;3;0;2;3;29;-4;;;;;;
JOKIC;1;1477;3;0,667;0;0,000;0;0,000;0;7;16;0;5;2;4;4;16;;;;;;
JOKIC;0;1828;8;0,875;1;1,000;12;0,833;1;10;6;1;0;6;3;27;-21;;;;;;
JOKIC;1;1931;15;0,667;2;0,500;4;1,000;3;7;14;0;1;2;4;27;12;;;;;;
JOKIC;1;1985;13;0,923;0;0,000;2;0,500;3;9;9;2;1;7;3;25;10;;;;;;
JOKIC;0;2280;18;0,611;2;0,000;4;0,750;11;8;3;1;1;4;3;25;1;;;;;;
JOKIC;1;2296;18;0,667;4;0,500;4;1,000;2;10;9;0;0;4;1;34;1;;;;;;
JOKIC;1;2165;20;0,750;0;0,000;14;0,857;4;8;8;2;2;0;2;42;20;;;;;;
JOKIC;1;2221;15;0,667;4;0,750;2;1,000;2;11;10;0;1;1;3;31;9;;;;;;
JOKIC;0;1649;15;0,733;3;0,667;3;1,000;4;7;3;0;0;7;1;31;-23;;;;;;
JOKIC;1;2200;15;0,533;1;0,000;16;0,625;5;11;7;2;0;3;3;26;2;;;;;;
JOKIC;1;2371;19;0,474;6;0,167;5;0,800;1;15;12;3;2;3;1;25;9;;;;;;
JOKIC;1;2296;15;0,667;1;1,000;4;1,000;7;15;12;1;2;4;3;27;20;;;;;;
JOKIC;1;2054;17;0,647;3;0,333;5;0,800;1;7;7;2;0;2;1;29;-5;;;;;;
JOKIC;1;2183;14;0,500;6;0,333;4;1,000;3;10;9;0;3;6;2;24;10;;;;;;
JOKIC;0;1785;16;0,500;1;1,000;5;0,800;2;6;7;3;0;1;2;23;-7;;;;;;
JOKIC;0;1891;20;0,550;5;0,400;3;0,333;3;9;8;0;0;5;1;29;-16;;;;;;
JOKIC;0;2338;11;0,545;6;0,000;4;0,750;0;5;8;0;1;0;4;15;-4;;;;;;
JOKIC;1;1883;10;1,000;0;0,000;2;0,500;2;17;15;1;0;3;3;21;23;;;;;;
JOKIC;1;2086;14;0,786;3;0,333;5;0,800;3;12;14;2;1;2;4;29;24;;;;;;
JOKIC;1;2209;18;0,611;6;0,333;4;1,000;2;14;16;4;1;2;3;32;20;;;;;;
JOKIC;1;1939;9;0,556;0;0,000;4;1,000;1;13;11;3;1;2;3;14;37;;;;;;
JOKIC;1;2280;12;0,500;3;0,000;6;1,000;2;9;7;1;2;4;4;18;12;;;;;;
JOKIC;1;2336;20;0,750;5;0,200;2;1,000;2;8;7;0;1;3;1;35;16;;;;;;
JOKIC;0;2656;11;0,364;7;0,571;7;0,714;3;13;5;0;0;7;2;25;-13;;;;;;
JOKIC;1;2325;19;0,579;0;0,000;10;1,000;4;8;11;2;0;0;1;32;9;;;;;;
JOKIC;1;1920;14;0,857;0;0,000;2;1,000;2;4;8;1;2;3;1;26;6;;;;;;
JOKIC;1;2286;23;0,565;3;0,333;6;1,000;6;11;12;6;2;2;3;35;13;;;;;;
JOKIC;1;2257;8;0,625;0;0,000;3;0,667;3;11;6;1;0;4;1;12;10;;;;;;
JOKIC;1;1854;16;0,750;3;0,333;4;1,000;1;6;5;0;2;3;1;31;7;;;;;;
JOKIC;0;2311;14;0,429;2;0,000;5;0,800;3;8;7;2;0;3;1;16;10;;;;;;
JOKIC;1;2260;18;0,611;4;0,750;6;0,667;1;15;2;0;0;3;3;35;8;;;;;;
JOKIC;1;2354;22;0,545;1;0,000;7;0,857;2;12;11;1;0;1;1;30;30;;;;;;
JOKIC;1;1851;16;0,625;2;0,500;7;0,857;5;6;8;3;1;4;4;29;13;;;;;;
JOKIC;0;2492;11;0,727;5;0,200;3;1,000;0;9;10;2;1;1;2;22;2;;;;;;
JOKIC;0;2218;21;0,524;3;0,000;13;0,769;1;9;5;2;1;4;2;32;-9;;;;;;
JOKIC;1;2078;16;0,625;2;0,500;5;0,600;4;14;16;1;0;3;2;26;37;;;;;;
JOKIC;1;2255;26;0,654;6;0,167;6;0,833;4;12;6;1;2;4;2;42;5;;;;;;
JOKIC;0;2406;16;0,688;8;0,375;6;0,833;1;16;10;0;0;5;2;36;12;;;;;;
JOKIC;1;1840;10;0,400;3;0,667;6;0,833;1;13;11;2;0;4;1;19;19;;;;;;
JOKIC;1;2044;18;0,556;2;1,000;2;1,000;5;8;7;3;1;5;2;28;23;;;;;;
JOKIC;1;2305;18;0,778;2;1,000;12;0,583;2;9;7;3;0;2;5;41;6;;;;;;
JOKIC;0;2313;11;0,727;2;0,500;3;1,000;2;5;12;2;1;3;5;22;-1;;;;;;
JOKIC;1;1847;11;0,636;0;0,000;2;0,500;4;11;5;4;0;4;1;15;19;;;;;;
CURRY;0;1845;6;0,667;14;0,286;7;1,000;1;4;1;1;0;2;5;27;-9;;;;;;
CURRY;1;2090;9;0,778;10;0,700;6;1,000;1;3;4;2;0;4;0;41;10;;;;;;
CURRY;1;1885;2;0,000;14;0,429;6;1,000;1;6;6;0;1;1;1;24;-2;;;;;;
CURRY;1;1802;9;0,889;13;0,538;7;0,714;0;5;5;2;0;3;1;42;13;;;;;;
CURRY;1;1940;5;0,600;10;0,400;3;1,000;1;4;3;0;0;7;3;21;-6;;;;;;
CURRY;1;1883;5;0,800;10;0,500;7;1,000;3;5;7;2;0;3;1;30;5;;;;;;
CURRY;0;1849;5;0,200;11;0,636;6;0,833;0;2;4;1;0;6;0;28;-6;;;;;;
CURRY;1;1957;9;0,556;17;0,412;4;0,750;0;2;4;0;0;3;1;34;17;;;;;;
CURRY;0;2068;4;0,000;13;0,462;5;1,000;1;4;4;1;0;3;2;23;-10;;;;;;
CURRY;0;1953;10;0,500;14;0,286;8;1,000;1;2;2;1;1;4;1;30;-8;;;;;;
CURRY;0;2167;12;0,500;13;0,385;12;0,917;1;4;3;1;0;5;2;38;-4;;;;;;
CURRY;0;2416;10;0,300;11;0,455;4;1,000;0;7;3;0;0;2;2;25;0;;;;;;
CURRY;1;2087;5;0,600;9;0,556;12;0,917;0;5;1;0;0;4;2;32;-3;;;;;;
CURRY;0;1662;7;0,714;8;0,125;3;1,000;0;3;6;0;0;2;2;16;-17;;;;;;
CURRY;1;2089;6;0,667;14;0,500;6;1,000;0;3;6;1;0;6;2;35;4;;;;;;
CURRY;0;2223;8;0,500;12;0,333;9;1,000;3;7;6;0;1;5;5;29;7;;;;;;
CURRY;1;1980;6;0,833;9;0,333;9;0,778;0;7;8;1;1;2;2;26;-4;;;;;;
CURRY;0;2196;9;0,333;9;0,444;4;1,000;1;3;11;0;0;2;0;22;2;;;;;;
CURRY;1;2068;5;0,600;13;0,385;11;0,909;0;5;1;0;0;4;2;31;4;;;;;;
CURRY;0;2421;8;0,500;12;0,500;8;1,000;0;6;3;1;0;3;0;34;-5;;;;;;
CURRY;0;1924;9;0,444;15;0,267;4;1,000;0;5;4;3;0;1;2;24;-15;;;;;;
CURRY;0;2042;4;0,500;13;0,231;4;1,000;0;4;4;0;0;1;3;17;-3;;;;;;
CURRY;1;2102;14;0,571;8;0,750;3;1,000;0;3;1;0;3;3;1;37;7;;;;;;
CURRY;1;1874;4;0,500;8;0,000;4;0,750;0;2;8;1;1;4;1;7;14;;;;;;
CURRY;1;2298;10;0,500;11;0,545;5;1,000;0;3;6;0;0;4;5;33;8;;;;;;
CURRY;1;1614;5;0,200;13;0,615;5;0,800;0;4;7;0;1;2;0;30;-1;;;;;;
CURRY;1;1818;11;0,818;7;0,286;3;1,000;0;3;2;0;0;1;1;27;4;;;;;;
CURRY;0;2060;8;0,500;13;0,231;1;1,000;1;1;4;1;1;3;4;18;-26;;;;;;
CURRY;0;1902;7;0,143;8;0,250;6;0,833;0;4;5;2;1;1;1;13;-14;;;;;;
CURRY;0;2070;10;0,300;15;0,400;1;1,000;0;2;7;1;0;3;3;25;-6;;;;;;
CURRY;1;2114;11;0,727;9;0,444;11;0,727;1;1;6;4;1;2;4;36;12;;;;;;
CURRY;0;2075;11;0,545;12;0,417;3;1,000;0;4;6;1;1;2;1;30;-1;;;;;;
CURRY;1;1856;7;0,429;12;0,333;9;0,889;0;6;4;1;1;4;0;26;0;;;;;;
CURRY;0;1791;5;0,400;9;0,000;5;1,000;0;1;6;0;0;2;3;9;-17;;;;;;
CURRY;0;1511;5;0,200;8;0,375;4;1,000;0;1;6;1;0;3;0;15;-4;;;;;;
CURRY;1;2110;9;0,222;15;0,400;5;1,000;0;5;9;1;0;1;1;27;5;;;;;;
CURRY;0;1964;11;0,727;9;0,333;1;1,000;1;3;8;2;1;5;4;26;-2;;;;;;
CURRY;1;1878;8;0,250;8;0,625;6;1,000;0;3;8;0;0;1;3;25;9;;;;;;
CURRY;0;2180;12;0,583;14;0,429;1;1,000;1;5;2;1;0;2;0;33;-8;;;;;;
CURRY;0;2605;14;0,571;21;0,429;3;1,000;0;3;7;1;0;4;4;46;-2;;;;;;
CURRY;1;2112;4;1,000;13;0,615;5;1,000;1;7;7;0;1;5;2;37;26;;;;;;
CURRY;1;1936;7;0,286;9;0,444;4;1,000;0;6;6;1;0;3;1;20;12;;;;;;
CURRY;0;2481;15;0,800;23;0,435;6;1,000;1;5;4;0;1;2;1;60;-1;;;;;;
CURRY;1;2057;13;0,615;11;0,364;1;1,000;1;4;3;0;0;4;2;29;6;;;;;;
CURRY;1;1476;3;0,333;4;0,250;4;1,000;0;3;1;0;1;4;2;9;13;;;;;;
CURRY;1;1806;6;0,667;16;0,688;2;0,500;0;2;2;0;1;2;2;42;13;;;;;;
CURRY;1;2032;6;0,167;16;0,563;2;0,500;1;8;6;1;0;3;0;30;10;;;;;;
CURRY;1;1925;3;0,667;16;0,438;0;0,000;0;6;10;3;1;1;1;25;30;;;;;;
CURRY;0;2079;12;0,500;19;0,474;2;1,000;1;3;5;0;0;4;3;41;-6;;;;;;
CURRY;1;2128;6;0,333;8;0,250;8;0,750;1;1;10;1;0;4;2;16;-2;;;;;;
CURRY;1;1907;11;0,545;13;0,462;2;1,000;0;1;8;3;0;1;1;32;25;;;;;;
CURRY;1;1874;3;0,667;11;0,273;2;1,000;0;2;5;1;0;4;1;15;10;;;;;;
CURRY;0;1930;9;0,556;10;0,100;8;0,875;0;1;4;0;0;3;2;20;-22;;;;;;
CURRY;1;1778;5;0,400;16;0,250;2;1,000;0;5;6;1;1;3;1;18;1;;;;;;
CURRY;1;1894;8;0,375;18;0,444;1;1,000;2;9;1;1;0;3;0;31;20;;;;;;
CURRY;1;1806;7;0,286;15;0,467;0;0,000;2;4;6;0;0;4;2;25;12;;;;;;
CURRY;0;1001;4;0,500;9;0,000;0;0,000;0;1;3;0;0;2;0;4;-29;;;;;;
CURRY;1;1846;8;0,500;10;0,600;4;0,750;2;6;5;0;0;2;1;29;15;;;;;;
CURRY;0;1722;6;0,333;12;0,250;2;1,000;0;3;1;0;0;2;1;15;9;;;;;;
CURRY;1;2032;14;0,643;10;0,300;5;0,800;1;5;5;2;0;1;0;31;4;;;;;;
CURRY;0;1999;7;0,571;13;0,308;7;1,000;0;5;5;0;0;2;1;27;-9;;;;;;
CURRY;1;1445;2;0,500;7;0,571;0;0,000;1;1;3;0;1;2;1;14;17;;;;;;
CURRY;0;2093;6;0,500;18;0,333;1;1,000;3;8;5;0;0;1;0;25;-13;;;;;;
CURRY;0;1791;10;0,400;11;0,455;8;1,000;0;4;3;0;0;2;1;31;6;;;;;;
CURRY;1;1861;5;0,800;10;0,300;0;0,000;1;1;6;0;0;1;1;17;19;;;;;;
CURRY;1;2101;10;0,300;8;0,375;2;1,000;0;4;10;0;0;2;2;17;18;;;;;;
CURRY;1;1928;7;0,714;11;0,364;1;1,000;0;1;4;1;0;0;1;23;13;;;;;;
CURRY;1;1952;8;0,625;15;0,467;2;1,000;0;1;8;0;0;4;1;33;12;;;;;;
CURRY;1;1894;13;0,154;5;0,600;0;0,000;0;7;7;1;2;4;1;13;-4;;;;;;
CURRY;1;1839;8;0,875;6;0,333;9;1,000;0;6;6;0;0;3;2;29;29;;;;;;
CURRY;0;2125;9;0,444;14;0,357;6;0,833;1;5;5;1;0;2;2;28;-5;;;;;;
CURRY;1;1939;3;0,333;6;1,000;4;0,750;0;7;8;1;2;1;2;23;13;;;;;;
CURRY;1;2182;6;0,500;16;0,313;1;1,000;0;7;8;1;2;2;0;22;7;;;;;;
CURRY;0;1943;10;0,500;13;0,538;2;1,000;0;4;5;1;0;7;2;33;-8;;;;;;
ANTETOKOUNMPO;1;2107;18;0,556;3;0,000;9;0,333;4;8;3;2;2;7;4;23;-13;;;;;;
ANTETOKOUNMPO;0;1768;13;0,692;1;0,000;10;0,800;5;6;3;1;2;3;2;26;-11;;;;;;
ANTETOKOUNMPO;1;1911;18;0,611;3;0,333;11;0,727;1;6;2;0;1;2;3;33;18;;;;;;
ANTETOKOUNMPO;0;1661;11;0,455;0;0,000;9;0,667;3;1;2;1;0;3;3;16;-10;;;;;;
ANTETOKOUNMPO;1;2147;7;0,429;3;1,000;13;0,538;1;7;6;0;1;7;3;22;13;;;;;;
ANTETOKOUNMPO;1;2115;20;0,700;7;0,143;6;0,833;2;10;3;1;2;3;1;36;15;;;;;;
ANTETOKOUNMPO;1;1312;14;0,429;2;0,000;6;0,500;0;9;5;0;3;1;1;15;5;;;;;;
ANTETOKOUNMPO;0;2189;24;0,792;1;0,000;18;0,889;2;10;3;0;0;8;4;54;6;;;;;;
ANTETOKOUNMPO;0;2199;21;0,714;1;0,000;12;0,417;2;8;7;4;2;6;4;35;-11;;;;;;
ANTETOKOUNMPO;1;2082;19;0,632;3;0,333;14;0,571;3;8;2;0;0;3;4;35;13;;;;;;
ANTETOKOUNMPO;1;1690;10;0,600;0;0,000;7;0,571;0;8;9;1;0;4;5;16;6;;;;;;
ANTETOKOUNMPO;1;2271;23;0,739;3;0,333;5;0,600;2;13;7;2;1;3;3;40;-7;;;;;;
ANTETOKOUNMPO;1;2034;23;0,870;0;0,000;6;0,333;6;7;8;1;1;5;2;42;10;;;;;;
ANTETOKOUNMPO;0;2190;17;0,412;3;0,000;10;0,700;3;10;5;2;0;3;4;21;6;;;;;;
ANTETOKOUNMPO;1;2233;19;0,579;0;0,000;12;0,750;3;6;3;3;1;3;2;31;-10;;;;;;
ANTETOKOUNMPO;1;2329;20;0,550;1;0,000;18;0,611;6;10;6;1;3;4;5;33;9;;;;;;
ANTETOKOUNMPO;1;2370;14;0,714;2;0,500;13;0,769;2;8;5;3;1;4;3;33;18;;;;;;
ANTETOKOUNMPO;0;2332;16;0,688;1;0,000;4;1,000;6;8;5;2;5;5;5;26;-8;;;;;;
ANTETOKOUNMPO;1;2179;19;0,737;1;0,000;5;0,800;2;9;10;2;1;5;1;32;8;;;;;;
ANTETOKOUNMPO;1;2029;21;0,667;1;1,000;9;0,444;3;5;10;3;0;4;3;35;19;;;;;;
ANTETOKOUNMPO;0;2430;18;0,722;1;0,000;13;0,846;1;9;2;0;2;1;3;37;-5;;;;;;
ANTETOKOUNMPO;1;2457;13;0,692;0;0,000;18;0,778;1;11;6;2;0;2;2;32;13;;;;;;
ANTETOKOUNMPO;1;2233;25;0,800;3;0,000;32;0,750;3;11;3;4;1;4;1;64;29;;;;;;
ANTETOKOUNMPO;1;1547;9;0,778;0;0,000;13;0,615;1;7;6;1;0;0;1;22;22;;;;;;
ANTETOKOUNMPO;1;2350;19;0,474;3;0,333;11;0,455;6;11;3;0;0;6;3;26;11;;;;;;
ANTETOKOUNMPO;1;2016;10;0,400;2;0,000;6;0,500;2;12;16;2;1;3;1;11;13;;;;;;
ANTETOKOUNMPO;1;2238;22;0,500;3;0,000;19;0,789;2;8;6;0;2;5;4;37;9;;;;;;
ANTETOKOUNMPO;1;1941;17;0,647;0;0,000;8;0,750;2;5;7;1;1;5;4;28;3;;;;;;
ANTETOKOUNMPO;0;2319;22;0,545;2;0,500;9;0,556;5;8;6;1;2;2;4;32;-5;;;;;;
ANTETOKOUNMPO;1;1827;12;0,833;0;0,000;17;0,706;2;8;8;0;2;2;2;32;8;;;;;;
ANTETOKOUNMPO;1;2194;21;0,667;1;0,000;7;0,857;2;14;5;1;0;3;2;34;12;;;;;;
ANTETOKOUNMPO;0;2215;17;0,647;3;0,000;11;0,727;3;15;11;1;2;4;3;30;3;;;;;;
ANTETOKOUNMPO;0;2143;11;0,636;2;0,500;13;0,692;0;11;8;3;1;3;2;26;-12;;;;;;
ANTETOKOUNMPO;1;2370;25;0,680;3;0,667;6;0,667;3;11;7;2;1;1;3;44;11;;;;;;
ANTETOKOUNMPO;0;2336;23;0,652;2;0,500;21;0,714;3;14;2;0;1;2;4;48;-1;;;;;;
ANTETOKOUNMPO;0;2303;18;0,556;2;0,000;9;0,556;4;6;11;0;0;4;5;25;-14;;;;;;
ANTETOKOUNMPO;1;1540;13;0,769;0;0,000;5;0,800;5;7;6;1;1;4;2;24;38;;;;;;
ANTETOKOUNMPO;1;2199;19;0,632;3;0,333;8;0,750;3;6;5;0;0;4;3;33;1;;;;;;
ANTETOKOUNMPO;1;2423;14;0,643;2;0,000;14;0,643;1;9;10;3;0;4;4;27;-13;;;;;;
ANTETOKOUNMPO;1;2288;15;0,667;1;0,000;22;0,500;3;7;9;2;1;5;1;31;13;;;;;;
ANTETOKOUNMPO;1;2133;20;0,500;5;0,200;12;0,667;3;14;10;3;2;2;3;31;12;;;;;;
ANTETOKOUNMPO;1;2073;23;0,652;1;1,000;3;0,667;2;16;10;0;2;2;3;35;11;;;;;;
ANTETOKOUNMPO;0;2147;13;0,692;0;0,000;9;0,444;2;9;9;1;1;6;5;22;8;;;;;;
ANTETOKOUNMPO;1;1735;15;0,667;1;1,000;11;0,636;1;11;4;2;0;1;3;30;23;;;;;;
ANTETOKOUNMPO;0;2215;18;0,556;1;1,000;11;0,545;2;10;4;1;1;2;4;29;-3;;;;;;
ANTETOKOUNMPO;0;2266;14;0,714;2;0,000;11;0,636;3;5;4;3;1;6;5;27;6;;;;;;
ANTETOKOUNMPO;1;2410;23;0,783;5;0,400;10;0,600;1;5;10;5;1;1;3;48;15;;;;;;
ANTETOKOUNMPO;0;2376;13;0,846;2;0,000;15;0,733;2;5;13;0;1;5;3;33;-8;;;;;;
ANTETOKOUNMPO;0;2316;21;0,571;3;0,333;13;0,538;4;6;6;0;0;5;5;34;1;;;;;;
ANTETOKOUNMPO;0;1641;12;0,583;2;0,000;7;0,429;1;2;7;1;0;3;1;17;-18;;;;;;
ANTETOKOUNMPO;1;1419;9;0,556;1;0,000;7;0,714;1;13;3;1;1;0;5;15;28;;;;;;
ANTETOKOUNMPO;1;1824;19;0,737;0;0,000;14;0,571;4;14;5;3;2;2;2;36;18;;;;;;
ANTETOKOUNMPO;0;2018;16;0,625;2;0,500;0;0,000;2;9;8;0;2;5;0;23;-23;;;;;;
ANTETOKOUNMPO;0;2197;17;0,882;0;0,000;9;0,556;0;4;12;0;0;1;5;35;-14;;;;;;
ANTETOKOUNMPO;1;2471;12;0,667;1;1,000;21;0,667;4;9;5;1;0;3;1;33;1;;;;;;
ANTETOKOUNMPO;1;2145;15;0,600;2;0,500;12;0,750;1;11;9;0;1;6;1;30;14;;;;;;
ANTETOKOUNMPO;1;1455;12;0,583;1;1,000;8;0,875;3;5;1;0;0;1;1;24;25;;;;;;
ANTETOKOUNMPO;1;2007;13;0,615;2;1,000;3;0,667;2;8;5;0;0;1;3;24;16;;;;;;
ANTETOKOUNMPO;1;2239;19;0,737;3;0,667;16;0,750;5;11;6;1;1;1;3;46;6;;;;;;
ANTETOKOUNMPO;0;1954;12;0,583;3;0,333;9;0,667;2;5;6;0;1;2;1;23;-6;;;;;;
ANTETOKOUNMPO;0;2321;20;0,650;3;0,333;7;0,714;2;12;12;1;1;4;2;34;-4;;;;;;
ANTETOKOUNMPO;1;2317;22;0,545;2;0,000;15;0,667;0;7;10;1;1;3;3;34;19;;;;;;
ANTETOKOUNMPO;0;1973;15;0,667;2;0,000;14;0,714;1;12;4;1;0;4;3;30;-18;;;;;;
ANTETOKOUNMPO;1;2216;12;0,750;0;0,000;18;0,778;4;7;7;1;0;7;4;32;-4;;;;;;
ANTETOKOUNMPO;1;2095;17;0,471;2;0,500;4;0,500;3;6;5;0;2;2;3;21;5;;;;;;
ANTETOKOUNMPO;1;2019;18;0,722;0;0,000;6;0,667;8;11;4;0;1;3;3;30;7;;;;;;
ANTETOKOUNMPO;0;2785;24;0,583;1;0,000;6;0,167;8;13;11;2;3;7;3;29;-13;;;;;;
ANTETOKOUNMPO;0;2351;20;0,750;2;0,000;11;0,455;3;11;4;0;0;2;5;35;-2;;;;;;
ANTETOKOUNMPO;1;2261;21;0,571;1;0,000;16;0,750;4;12;8;3;1;3;2;36;8;;;;;;
ANTETOKOUNMPO;0;2179;21;0,714;0;0,000;9;0,556;3;12;10;0;0;2;2;35;2;;;;;;
ANTETOKOUNMPO;0;1932;19;0,526;4;0,000;3;0,333;1;6;8;1;5;3;4;21;3;;;;;;
ANTETOKOUNMPO;0;2312;19;0,526;1;0,000;11;0,727;3;12;8;1;2;4;2;28;-5;;;;;;
ANTETOKOUNMPO;1;1716;11;0,636;0;0,000;2;0,500;3;5;7;1;2;4;1;15;17;;;;;;
;;;;;;;;;;;;;;;;;;;;;;;
;;;;;;;;;;;;;;;;;;;;;;;
;;;;;;;;;;;;;;;;;;;;;;;
;;;;;;;;;;;;;;;;;;;;;;;
;;;;;;;;;;;;;;;;;;;;;;;
;;;;;;;;;;;;;;;;;;;;;;;
;;;;;;;;;;;;;;;;;;;;;;;
;;;;;;;;;;;;;;;;;;;;;;;
;;;;;;;;;;;;;;;;;;;;;;;
;;;;;;;;;;;;;;;;;;;;;;;
;;;;;;;;;;;;;;;;;;;;;;;
;;;;;;;;;;;;;;;;;;;;;;;
;;;;;;;;;;;;;;;;;;;;;;;
;;;;;;;;;;;;;;;;;;;;;;;
;;;;;;;;;;;;;;;;;;;;;;;
;;;;;;;;;;;;;;;;;;;;;;;
;;;;;;;;;;;;;;;;;;;;;;;
;;;;;;;;;;;;;;;;;;;;;;;
;;;;;;;;;;;;;;;;;;;;;;;
;;;;;;;;;;;;;;;;;;;;;;;
;;;;;;;;;;;;;;;;;;;;;;;
;;;;;;;;;;;;;;;;;;;;;;;
;;;;;;;;;;;;;;;;;;;;;;;
;;;;;;;;;;;;;;;;;;;;;;;
;;;;;;;;;;;;;;;;;;;;;;;
;;;;;;;;;;;;;;;;;;;;;;;
;;;;;;;;;;;;;;;;;;;;;;;
;;;;;;;;;;;;;;;;;;;;;;;
;;;;;;;;;;;;;;;;;;;;;;;
;;;;;;;;;;;;;;;;;;;;;;;
;;;;;;;;;;;;;;;;;;;;;;;
;;;;;;;;;;;;;;;;;;;;;;;
;;;;;;;;;;;;;;;;;;;;;;;
;;;;;;;;;;;;;;;;;;;;;;;
;;;;;;;;;;;;;;;;;;;;;;;
;;;;;;;;;;;;;;;;;;;;;;;
;;;;;;;;;;;;;;;;;;;;;;;
;;;;;;;;;;;;;;;;;;;;;;;
;;;;;;;;;;;;;;;;;;;;;;;
;;;;;;;;;;;;;;;;;;;;;;;
;;;;;;;;;;;;;;;;;;;;;;;
;;;;;;;;;;;;;;;;;;;;;;;
;;;;;;;;;;;;;;;;;;;;;;;
;;;;;;;;;;;;;;;;;;;;;;;
;;;;;;;;;;;;;;;;;;;;;;;
;;;;;;;;;;;;;;;;;;;;;;;
;;;;;;;;;;;;;;;;;;;;;;;
;;;;;;;;;;;;;;;;;;;;;;;
;;;;;;;;;;;;;;;;;;;;;;;
;;;;;;;;;;;;;;;;;;;;;;;
;;;;;;;;;;;;;;;;;;;;;;;
;;;;;;;;;;;;;;;;;;;;;;;
;;;;;;;;;;;;;;;;;;;;;;;
;;;;;;;;;;;;;;;;;;;;;;;
;;;;;;;;;;;;;;;;;;;;;;;
;;;;;;;;;;;;;;;;;;;;;;;
;;;;;;;;;;;;;;;;;;;;;;;
;;;;;;;;;;;;;;;;;;;;;;;
;;;;;;;;;;;;;;;;;;;;;;;
;;;;;;;;;;;;;;;;;;;;;;;
;;;;;;;;;;;;;;;;;;;;;;;
;;;;;;;;;;;;;;;;;;;;;;;
;;;;;;;;;;;;;;;;;;;;;;;
;;;;;;;;;;;;;;;;;;;;;;;
;;;;;;;;;;;;;;;;;;;;;;;
;;;;;;;;;;;;;;;;;;;;;;;
;;;;;;;;;;;;;;;;;;;;;;;
;;;;;;;;;;;;;;;;;;;;;;;
;;;;;;;;;;;;;;;;;;;;;;;
;;;;;;;;;;;;;;;;;;;;;;;
;;;;;;;;;;;;;;;;;;;;;;;
;;;;;;;;;;;;;;;;;;;;;;;
;;;;;;;;;;;;;;;;;;;;;;;
;;;;;;;;;;;;;;;;;;;;;;;
;;;;;;;;;;;;;;;;;;;;;;;
;;;;;;;;;;;;;;;;;;;;;;;
;;;;;;;;;;;;;;;;;;;;;;;
;;;;;;;;;;;;;;;;;;;;;;;
;;;;;;;;;;;;;;;;;;;;;;;
;;;;;;;;;;;;;;;;;;;;;;;
;;;;;;;;;;;;;;;;;;;;;;;
;;;;;;;;;;;;;;;;;;;;;;;
;;;;;;;;;;;;;;;;;;;;;;;
;;;;;;;;;;;;;;;;;;;;;;;
;;;;;;;;;;;;;;;;;;;;;;;
;;;;;;;;;;;;;;;;;;;;;;;
;;;;;;;;;;;;;;;;;;;;;;;
;;;;;;;;;;;;;;;;;;;;;;;
;;;;;;;;;;;;;;;;;;;;;;;
;;;;;;;;;;;;;;;;;;;;;;;
;;;;;;;;;;;;;;;;;;;;;;;
;;;;;;;;;;;;;;;;;;;;;;;
;;;;;;;;;;;;;;;;;;;;;;;
;;;;;;;;;;;;;;;;;;;;;;;
;;;;;;;;;;;;;;;;;;;;;;;
;;;;;;;;;;;;;;;;;;;;;;;
;;;;;;;;;;;;;;;;;;;;;;;
;;;;;;;;;;;;;;;;;;;;;;;
;;;;;;;;;;;;;;;;;;;;;;;
;;;;;;;;;;;;;;;;;;;;;;;
;;;;;;;;;;;;;;;;;;;;;;;
;;;;;;;;;;;;;;;;;;;;;;;
;;;;;;;;;;;;;;;;;;;;;;;
;;;;;;;;;;;;;;;;;;;;;;;
;;;;;;;;;;;;;;;;;;;;;;;
;;;;;;;;;;;;;;;;;;;;;;;
;;;;;;;;;;;;;;;;;;;;;;;
;;;;;;;;;;;;;;;;;;;;;;;
;;;;;;;;;;;;;;;;;;;;;;;
;;;;;;;;;;;;;;;;;;;;;;;
;;;;;;;;;;;;;;;;;;;;;;;
;;;;;;;;;;;;;;;;;;;;;;;
;;;;;;;;;;;;;;;;;;;;;;;
;;;;;;;;;;;;;;;;;;;;;;;
;;;;;;;;;;;;;;;;;;;;;;;
;;;;;;;;;;;;;;;;;;;;;;;
;;;;;;;;;;;;;;;;;;;;;;;
;;;;;;;;;;;;;;;;;;;;;;;
;;;;;;;;;;;;;;;;;;;;;;;
;;;;;;;;;;;;;;;;;;;;;;;
;;;;;;;;;;;;;;;;;;;;;;;
;;;;;;;;;;;;;;;;;;;;;;;
;;;;;;;;;;;;;;;;;;;;;;;
;;;;;;;;;;;;;;;;;;;;;;;
;;;;;;;;;;;;;;;;;;;;;;;
;;;;;;;;;;;;;;;;;;;;;;;
;;;;;;;;;;;;;;;;;;;;;;;
;;;;;;;;;;;;;;;;;;;;;;;
;;;;;;;;;;;;;;;;;;;;;;;
;;;;;;;;;;;;;;;;;;;;;;;
;;;;;;;;;;;;;;;;;;;;;;;
;;;;;;;;;;;;;;;;;;;;;;;
;;;;;;;;;;;;;;;;;;;;;;;
;;;;;;;;;;;;;;;;;;;;;;;
;;;;;;;;;;;;;;;;;;;;;;;
;;;;;;;;;;;;;;;;;;;;;;;
;;;;;;;;;;;;;;;;;;;;;;;
;;;;;;;;;;;;;;;;;;;;;;;
;;;;;;;;;;;;;;;;;;;;;;;
;;;;;;;;;;;;;;;;;;;;;;;
;;;;;;;;;;;;;;;;;;;;;;;
;;;;;;;;;;;;;;;;;;;;;;;
;;;;;;;;;;;;;;;;;;;;;;;
;;;;;;;;;;;;;;;;;;;;;;;
;;;;;;;;;;;;;;;;;;;;;;;
;;;;;;;;;;;;;;;;;;;;;;;
;;;;;;;;;;;;;;;;;;;;;;;
;;;;;;;;;;;;;;;;;;;;;;;
;;;;;;;;;;;;;;;;;;;;;;;
;;;;;;;;;;;;;;;;;;;;;;;
;;;;;;;;;;;;;;;;;;;;;;;
;;;;;;;;;;;;;;;;;;;;;;;
;;;;;;;;;;;;;;;;;;;;;;;
;;;;;;;;;;;;;;;;;;;;;;;
;;;;;;;;;;;;;;;;;;;;;;;
;;;;;;;;;;;;;;;;;;;;;;;
;;;;;;;;;;;;;;;;;;;;;;;
;;;;;;;;;;;;;;;;;;;;;;;
;;;;;;;;;;;;;;;;;;;;;;;
;;;;;;;;;;;;;;;;;;;;;;;
;;;;;;;;;;;;;;;;;;;;;;;
;;;;;;;;;;;;;;;;;;;;;;;
;;;;;;;;;;;;;;;;;;;;;;;
;;;;;;;;;;;;;;;;;;;;;;;
;;;;;;;;;;;;;;;;;;;;;;;
;;;;;;;;;;;;;;;;;;;;;;;
;;;;;;;;;;;;;;;;;;;;;;;
;;;;;;;;;;;;;;;;;;;;;;;
;;;;;;;;;;;;;;;;;;;;;;;
;;;;;;;;;;;;;;;;;;;;;;;
;;;;;;;;;;;;;;;;;;;;;;;
;;;;;;;;;;;;;;;;;;;;;;;
;;;;;;;;;;;;;;;;;;;;;;;
;;;;;;;;;;;;;;;;;;;;;;;
;;;;;;;;;;;;;;;;;;;;;;;
;;;;;;;;;;;;;;;;;;;;;;;
;;;;;;;;;;;;;;;;;;;;;;;
;;;;;;;;;;;;;;;;;;;;;;;
;;;;;;;;;;;;;;;;;;;;;;;
;;;;;;;;;;;;;;;;;;;;;;;
;;;;;;;;;;;;;;;;;;;;;;;
;;;;;;;;;;;;;;;;;;;;;;;
;;;;;;;;;;;;;;;;;;;;;;;
;;;;;;;;;;;;;;;;;;;;;;;
;;;;;;;;;;;;;;;;;;;;;;;
;;;;;;;;;;;;;;;;;;;;;;;
;;;;;;;;;;;;;;;;;;;;;;;
;;;;;;;;;;;;;;;;;;;;;;;
;;;;;;;;;;;;;;;;;;;;;;;
;;;;;;;;;;;;;;;;;;;;;;;
;;;;;;;;;;;;;;;;;;;;;;;
;;;;;;;;;;;;;;;;;;;;;;;
;;;;;;;;;;;;;;;;;;;;;;;
;;;;;;;;;;;;;;;;;;;;;;;
;;;;;;;;;;;;;;;;;;;;;;;
;;;;;;;;;;;;;;;;;;;;;;;
;;;;;;;;;;;;;;;;;;;;;;;
;;;;;;;;;;;;;;;;;;;;;;;
;;;;;;;;;;;;;;;;;;;;;;;
;;;;;;;;;;;;;;;;;;;;;;;
;;;;;;;;;;;;;;;;;;;;;;;
;;;;;;;;;;;;;;;;;;;;;;;
;;;;;;;;;;;;;;;;;;;;;;;
;;;;;;;;;;;;;;;;;;;;;;;
;;;;;;;;;;;;;;;;;;;;;;;
;;;;;;;;;;;;;;;;;;;;;;;
;;;;;;;;;;;;;;;;;;;;;;;
;;;;;;;;;;;;;;;;;;;;;;;
;;;;;;;;;;;;;;;;;;;;;;;
;;;;;;;;;;;;;;;;;;;;;;;
;;;;;;;;;;;;;;;;;;;;;;;
;;;;;;;;;;;;;;;;;;;;;;;
;;;;;;;;;;;;;;;;;;;;;;;
;;;;;;;;;;;;;;;;;;;;;;;
;;;;;;;;;;;;;;;;;;;;;;;
;;;;;;;;;;;;;;;;;;;;;;;
;;;;;;;;;;;;;;;;;;;;;;;
;;;;;;;;;;;;;;;;;;;;;;;
;;;;;;;;;;;;;;;;;;;;;;;
;;;;;;;;;;;;;;;;;;;;;;;
;;;;;;;;;;;;;;;;;;;;;;;
;;;;;;;;;;;;;;;;;;;;;;;
;;;;;;;;;;;;;;;;;;;;;;;